tweetURL,tweetID,date,tweetContent,userLocation,isUserVerified,replyCount,retweetCount,likeCount,quoteCount,tweetLanguage,sourceLabel,coordinates,place,emotion,score
https://twitter.com/priyadarshy/status/1454029742882033664,1454029742882033664,2021-10-29T10:17:59+00:00,Thank #ATCE2021 for inviting me to speak. Accelerating transformation in the energy transition era is critical https://t.co/VA6IFF5vHy,US,False,0,1,0,0,en,LinkedIn,,,joy,0.6642802953720093
https://twitter.com/greenreccompany/status/1458963009406181385,1458963009406181385,2021-11-12T01:01:02+00:00,We're working with an international #NetZero consultancy with offices in #Singapore to hire an #Energy Transition Manager - salary $DOE. To apply please email Ieuan Jones; ieuan@greenrecruitmentcompany.com #ConnectingGreenTalent #Careers #EnergySector #APAC #Asia #Hiring https://t.co/Coa5RBTV7D,London,False,0,0,0,0,en,Hootsuite Inc.,,,fear,0.9243768453598022
https://twitter.com/SEEBeyondCoal/status/1460994665335996425,1460994665335996425,2021-11-17T15:34:06+00:00,"Diversify energy sources
#EnergyTransition  #EndCoal https://t.co/EwY5W8PL6q",Southeast Europe,False,0,0,0,0,en,Twitter Web App,,,fear,0.7831131815910339
https://twitter.com/GlobalGoalsEU/status/1452916785825689605,1452916785825689605,2021-10-26T08:35:30+00:00,"ğŸ”µ#EnergyCommunities are essential for the #EnergyTransition but what is needed to ensure they reach their full potential?

ğŸ”µExplore the answer to this question with community leaders and energy experts in this #EUSEW2021 session 

ğŸ’ https://t.co/DcycHwR4fY https://t.co/7ZpKv0gsjt",Worldwide,False,0,0,3,0,en,Twitter for iPhone,,,fear,0.9420470595359802
https://twitter.com/IGEFSO/status/1457939972317749250,1457939972317749250,2021-11-09T05:15:51+00:00,".@ntpclimited order Inox #Wind turbines for 150-MW project in #India https://t.co/CnTUGddYxN 
#renewable #Energy #RenewableEnergy #Energytransition #solar","New Delhi, India",False,0,0,0,0,en,Buffer,,,fear,0.9027596712112427
https://twitter.com/davidstebbings/status/1460587046297382914,1460587046297382914,2021-11-16T12:34:22+00:00,"IBM, Amazon Web Services Join Forces to Help Oil &amp; Gas Industry Accelerate Energy Transition https://t.co/0nVI6c3usj",UK,False,0,0,1,0,en,Twitter Web App,,,neutral,0.5978320837020874
https://twitter.com/ashik_cr13/status/1453230677562904577,1453230677562904577,2021-10-27T05:22:47+00:00,"Renewables overtake fossil fuels as the EU's main power source.@EU_Commission ğŸ‡ªğŸ‡ºadopted State of the Energy Union Reports for 2021, taking stock of the EU's progress in delivering the clean energy transition. 
#EUGreenDeal
https://t.co/EKtyzDbfxh @vonderleyen","Ile-de-France, France",False,0,0,1,0,en,Twitter for Android,,,fear,0.7803139090538025
https://twitter.com/pratidintime/status/1454406829694324741,1454406829694324741,2021-10-30T11:16:24+00:00,"#WORLD | India &amp; Italy Partner In Energy Transition 
#India #Italy #G20RomeSummit 
https://t.co/rC6VMu23Ct","Guwahati, India",False,0,1,7,0,en,Twitter Web App,,,fear,0.909974217414856
https://twitter.com/antonellaautero/status/1455205809869279244,1455205809869279244,2021-11-01T16:11:16+00:00,"#Draghi : â€œIl passaggio all'#Energia pulita Ã¨ fondamentale, non possiamo piÃ¹ rimandareâ€
RT @GradedSpa 
#GreenEnergy #renewableenergy #energytransition #Sustainability #ClimateEmergency https://t.co/xCOEsnvtFl",Giornalista professionista,False,0,0,0,0,it,Twitter Web App,,,fear,0.9826093912124634
https://twitter.com/Redaktion_GEB/status/1453225971566399493,1453225971566399493,2021-10-27T05:04:05+00:00,"FÃ¼nf Energiewende-Startups ausgezeichnet: Start Up Energy Transition (SET) hatÂ  die fÃ¼nf Gewinner des fÃ¼nften SET Awards 2021 fÃ¼r innovative Start-ups der Energiewende, bekannt gegeben. Die SET-Plattform wird von der Deutschen Energie-Agentur (dena) inâ€¦ https://t.co/XyZAa4PvYR https://t.co/44PKCdJu9a",Stuttgart,False,1,2,3,0,de,dlvr.it,,,neutral,0.7385826706886292
https://twitter.com/RobertsonJohn88/status/1460375469858066440,1460375469858066440,2021-11-15T22:33:39+00:00,"@PAstynome 2of4/
...terms that partnerships must be in line with Communism &amp; China's laws &amp; human rights values.

As far as areas of focus for these partnerships:
*China is already ahead of the EU &amp;the world in terms of digital transition,clean energy transition &amp; transport. infrastructure.",Vancouver Island ,False,1,0,0,0,en,Twitter Web App,,,neutral,0.6194281578063965
https://twitter.com/mjonesjpllc/status/1459080569518804992,1459080569518804992,2021-11-12T08:48:10+00:00,Deloitte: High Oil Prices Will Fund Energy Transition https://t.co/FNti0xMkKW,"Houston, TX",False,0,0,0,0,en,Twitter Web App,,,neutral,0.5881073474884033
https://twitter.com/TheMobrou/status/1454850866536665089,1454850866536665089,2021-10-31T16:40:51+00:00,Reading: The Renewable Energy Transition in Africa https://t.co/neoEQ8RU3n by @IRENA,"London, England",False,0,0,0,0,en,Twitter Web App,,,joy,0.440917044878006
https://twitter.com/pv_reynolds/status/1454607462233899014,1454607462233899014,2021-10-31T00:33:38+00:00,"@ChrisKeall Michael Liebrichâ€™s analysis of H2 is most convincing Iâ€™ve seen. Absolutely has a role in energy transition, but not so much in transport: https://t.co/EmdOXz6u5t","TÄmaki Makaurau, Aotearoa",False,0,0,0,0,en,Twitter for iPad,,,surprise,0.3155662715435028
https://twitter.com/estherclimate/status/1460314266561564677,1460314266561564677,2021-11-15T18:30:27+00:00,Looking for inspiring ideas on how to integrate youth voices in clean energy transition? here is what the Global Commission on People-Centered Clean Energy Transitions recommends. @YAGClimate listed among others https://t.co/BDPbT3OA2t,"New York, NY",True,0,0,3,0,en,Twitter Web App,,,fear,0.6005314588546753
https://twitter.com/gemskipper/status/1456406327295561728,1456406327295561728,2021-11-04T23:41:41+00:00,US-UK Strategic Energy Dialogue launch: partnering to accelerate global clean energy transition at COP26 https://t.co/PBtUo99OJK,,False,0,0,0,0,en,Twitter for iPhone,,,neutral,0.5361953377723694
https://twitter.com/EnergyCouncil_/status/1452984032971603975,1452984032971603975,2021-10-26T13:02:43+00:00,"Our final early bird rates are expiring this week for #WECA2021!

Don't miss your chance to reconnect in person with the worldâ€™s leading energy investors and management teams in London, November 29 -30.

Save Â£500 todayğŸ‘‰https://t.co/FRk9wr3wc1

#EnergyCouncil #energytransition https://t.co/QS5w3QLSqI",London,False,0,0,0,0,en,Twitter Web App,,,fear,0.854220986366272
https://twitter.com/KufferPit/status/1457605070690951172,1457605070690951172,2021-11-08T07:05:04+00:00,"Renewable energy is growing too slow to stop climate change says study.

https://t.co/4IxcILIlfK

#energiewende #energytransition #CO2 #CO2neutrality https://t.co/qZGMUvo7gf","Echternach, Luxembourg",False,0,1,1,0,en,Buffer,,,fear,0.7318567633628845
https://twitter.com/Eco_Promos/status/1453938885197647873,1453938885197647873,2021-10-29T04:16:57+00:00,#ClimateCrisis #ClimateAction #GOP #EnergyTransition https://t.co/4dDx7ryZ6q,"Nashville, Tennessee",False,0,0,1,0,und,Twitter Web App,,,fear,0.9790706634521484
https://twitter.com/MBCTVODISHA/status/1458447900946714636,1458447900946714636,2021-11-10T14:54:10+00:00,"#USA joins the International Solar Alliance, #ISA as a member country. 

It becomes the 101st country to sign the framework agreement of the ISA to catalyze global energy transition through a solar-led approach. https://t.co/79Vi9zBG6g","Bhubaneshwar, India",False,0,0,2,0,en,Twitter Web App,,,fear,0.9052025675773621
https://twitter.com/ArcadisUK/status/1456216171859034112,1456216171859034112,2021-11-04T11:06:05+00:00,"Todayâ€™s #COP26ğŸŒ theme is Energy. Our new #EnergyTransition research report 'Supercharging Net Zero' investigates how the global energy sector would need to transition to limit global warming to 1.5 degrees by 2050. Check it out: https://t.co/uhA4VxFulj 
#TogetherForOurPlanet https://t.co/7Cdl6oJJXo",United Kingdom,False,0,1,4,0,en,Twitter Web App,,,fear,0.8616760969161987
https://twitter.com/gulf_intel/status/1458392673723760648,1458392673723760648,2021-11-10T11:14:43+00:00,"ğ——ğ—®ğ—¶ğ—¹ğ˜† ğ—•ğ˜‚ğ—¹ğ—¹ğ—²ğ˜ğ—¶ğ—»: Energy Transition Dialogues 
ğ—–ğ—Ÿğ—œğ—–ğ— ğ—›ğ—˜ğ—¥ğ—˜ â–¶ https://t.co/nYlQcRI6tQ

#Energytransition #hydrogen #climatechange #renewableenergy #ArtificialIntelligence #COP26 @TotalEnergies @ENGIEgroup @priyadarshy @Halliburton https://t.co/Wegm2YiZLK","Dubai, United Arab Emirates",False,0,4,5,0,en,Twitter Web App,,,fear,0.8903197646141052
https://twitter.com/jcmonticelli/status/1455608769501712385,1455608769501712385,2021-11-02T18:52:29+00:00,"The private sector has a leading role to play in driving the energy transition. A balance must be struck between widening access to energy and building-in resilience. Digitalization, decarbonization, diversification and discovery are the strategies that can underpin this process. https://t.co/K2YxyPuWY3","Washington, DC",False,0,1,0,0,en,Twitter Web App,,,neutral,0.7402637600898743
https://twitter.com/moreiter/status/1455470719979171840,1455470719979171840,2021-11-02T09:43:55+00:00,Meltdown for Europe's energy transition: Stop the greenwashing of nuclear power and gas! Join us and sign the petition. https://t.co/iG1PD1tnmK,Ã–sterreich,False,0,0,0,0,en,Twitter Web App,,,fear,0.8037556409835815
https://twitter.com/AnneBland/status/1453362507263922179,1453362507263922179,2021-10-27T14:06:38+00:00,"Meltdown for Europe's energy transition: Stop the greenwashing of nuclear power and gas! Join us and sign the petition. 

#cleanenergy #climatechange https://t.co/nmBo7I0K31",UK,False,0,0,0,0,en,Twitter Web App,,,fear,0.9334973692893982
https://twitter.com/GreentownLabs/status/1460307061007343620,1460307061007343620,2021-11-15T18:01:49+00:00,"The #energytransition is hereâ€”and weâ€™ll need everyone at the table and taking bold climate action to meet net-zero goals, our #GreentownHTX Keynote Speaker Bobby Tudor of @TPH_Co said at #ClimatetechSummit.

Read our recap and watch his address: https://t.co/AihcJVl4Wj https://t.co/mKCo2S9Fay","Somerville, MA + Houston, TX",True,0,0,3,0,en,Hootsuite Inc.,,,fear,0.8513782024383545
https://twitter.com/MNarroctt/status/1456302131732881416,1456302131732881416,2021-11-04T16:47:39+00:00,@simonahac if you want an energy transition ? Get a suntan and let the wind blow in your hair.,,False,0,0,0,0,en,Twitter for Android,,,neutral,0.4292391538619995
https://twitter.com/PuttruTech/status/1460636131716907013,1460636131716907013,2021-11-16T15:49:25+00:00,PUTTRU Calls for Decision on Energy Transition in Africa https://t.co/TCbLwLBspa via @thisdaylive,Nigeria,False,0,0,0,0,en,Twitter Web App,,,neutral,0.6139833927154541
https://twitter.com/luckyabeng/status/1456281654184448001,1456281654184448001,2021-11-04T15:26:17+00:00,"Energy transition: Developed countries MUST support developing countries aspirations and ambition @COP26 #COP26Glasgow  

#whathaschanged @theGEF

@CSDevNet1
@PACJA1 @theGCF 

#TogetherForOurPlanet #GCFGEFinAction https://t.co/QCS0IAUv5m",Federal Capital Territory,False,0,8,16,0,en,Twitter for Android,,,fear,0.8852840065956116
https://twitter.com/PITmounD/status/1457712217940447239,1457712217940447239,2021-11-08T14:10:50+00:00,"Iâ€™ve seen fetterman criticized for lack of clear policy priorities outside of weed legalization, but that alone is a huge point. heâ€™s also pro-union, pro-immigration, pro-abortion, believes healthcare, housing etc. are fundamental human rights, supports clean energy transition.","wormtown, back of the worm",False,1,0,0,0,en,Twitter for iPhone,,,neutral,0.8340166807174683
https://twitter.com/IRENA/status/1454045347202822145,1454045347202822145,2021-10-29T11:20:00+00:00,"The @g20org &amp; @COP26 are upon us. World leaders must make the difficult choices in the interests of global security, prosperity &amp; #climate safety. 

Join @IRENA in urging them to #ChooseAction by building our climate response around the #EnergyTransitionğŸ‘‰https://t.co/dvitda0CzO https://t.co/g3K7HpHCGm",Abu Dhabi ,True,1,8,16,1,en,Twitter Media Studio,,,fear,0.9649598002433777
https://twitter.com/ClimateSamurai/status/1457393023189278729,1457393023189278729,2021-11-07T17:02:28+00:00,"Reuters Events: Energy Transition APAC unites leaders and change makers from across the
public and private sectors to shed light on the defining issue of our time and tackle the energy
transition head on. Join 3,000+ attendees to deliver net-zero. Agenda: https://t.co/COD4xBrbzf","New Delhi, India",False,0,1,1,0,en,Twitter Web App,,,neutral,0.6402372717857361
https://twitter.com/cwdunlap/status/1454069571426476035,1454069571426476035,2021-10-29T12:56:15+00:00,#EnergyTransition realities https://t.co/RpuSeGBDVI,Left coast but not Left,False,0,0,0,0,en,Twitter for iPad,,,neutral,0.5800366997718811
https://twitter.com/bvfin216/status/1453906726202142728,1453906726202142728,2021-10-29T02:09:10+00:00,@barani_krishnan @chigrl Whatâ€™s the frustration Barani bro! They are protecting their market and revenue given how congress is mauling O&amp;G producers. I rather pay $80-100 for oil than let these idiots in WH blow it to $300 by their poorly managed energy transition.,,False,1,0,0,0,en,Twitter for iPhone,,,anger,0.9877819418907166
https://twitter.com/EnergyandUtils/status/1453716451844497408,1453716451844497408,2021-10-28T13:33:05+00:00,Dubai seeks consultants for green hydrogen study https://t.co/KrWSdaVk9W #energy #utilities #power #renewables #renewableenergy #energytransition #powerprojects #energynews,Dubai,False,0,2,0,0,en,dlvr.it,,,fear,0.37442708015441895
https://twitter.com/wcarrillog/status/1456374845881602056,1456374845881602056,2021-11-04T21:36:36+00:00,@RepAshleyHinson @kayleighmcenany @GOPLeader @RSBNetwork Europe citizens now paying 500 1500% $ increase in gas due to hit the oil&amp;gas production by politicians and now in US. Energy transition needs to be driven by affordable cost of new tech to people and NO political increasing $$in everything,,False,0,0,0,0,en,Twitter for iPhone,,,fear,0.34178242087364197
https://twitter.com/EnergyvsClimate/status/1456263652760178698,1456263652760178698,2021-11-04T14:14:45+00:00,"From heat-wave deaths, to reduced ability to learn, to the effect on economic input, who will suffer the most from the heat impacts of #climatechange and what does it mean for the politics of the #energy transition? Find out on the next episode of @EnergyvsClimate w/@jeffgoodell","Alberta, Canada",False,1,4,5,1,en,Twitter Web App,,,fear,0.5985682010650635
https://twitter.com/ClimateHubYYC/status/1453889699123138560,1453889699123138560,2021-10-29T01:01:30+00:00,"Great to have John from @LabEnergy come on and talk #Mitigation, #EnergyTransition and #SystemicUpgrades for our #NetZeroYYC show last night. Let the collaboration begin! #yyc #yyccc https://t.co/acxsVt4zE0",Treaty 7 / Calgary,False,0,0,0,0,en,Twitter Web App,,,fear,0.9155908823013306
https://twitter.com/DoctorVive/status/1455503430403899396,1455503430403899396,2021-11-02T11:53:54+00:00,"@jgkoomey @parth_PIT @PonchoSoto6 I'm not even going to take up the ""coal employs people"" argument. It's obvious that the energy transition will involve creating new opportunities for employment, good lord.",New York City,False,1,1,3,0,en,Twitter for iPhone,,,joy,0.46667036414146423
https://twitter.com/gulf_intel/status/1453643554795008001,1453643554795008001,2021-10-28T08:43:25+00:00,"ğ—˜ğ˜…ğ—°ğ—¹ğ˜‚ğ˜€ğ—¶ğ˜ƒğ—² ğ—¦ğ—¼ğ˜‚ğ—»ğ—±ğ—¶ğ—»ğ—´ğ˜€: Energy Transition Dialogues 

#oilandgas #hydrogen #sustainableenergy #netzero @uniper_energy @robinenergy @QamarEnergy https://t.co/iLfYcgAumx","Dubai, United Arab Emirates",False,0,3,5,0,en,Twitter Web App,,,fear,0.647916853427887
https://twitter.com/SolarHomeIRL/status/1454029561100918786,1454029561100918786,2021-10-29T10:17:16+00:00,"What a difference a day makes ğŸ˜â˜€

6,011 W from the home #solar PV at 11:15 ğŸŒ

#RenewableEnergy #Ireland #ClimateAction #EnergyTransition #24hoursofsun #solarpv #COP26 https://t.co/M3FDCCadY1","Wexford, Ireland",False,2,0,4,0,en,Twitter for Android,,,fear,0.9135458469390869
https://twitter.com/Worldwidewatch3/status/1454162986843590658,1454162986843590658,2021-10-29T19:07:27+00:00,"In the Energy Transition, there are only three possible paths:

1. Policy slows down to match technology.

2. Technology speeds up to match policy

3. Desperate fed-up voters force #1.  

We are clearly in the early innings of path #3

https://t.co/dTtdBcBbMK",,False,0,0,0,1,en,Twitter for iPhone,,,fear,0.8194841742515564
https://twitter.com/suitfang/status/1460467128516026372,1460467128516026372,2021-11-16T04:37:52+00:00,"1. introduce legislation to shape energy transition eg UK phasing out petrol cars by 2040
2. level playingÂ field for public &amp; private cos. Private cos must also improve on sustainabilityÂ efforts. Risk of public cos divesting assets to private ownership 3/9",kuala lumpur,False,1,0,0,0,en,Twitter for iPad,,,fear,0.9552391171455383
https://twitter.com/stevenahunt/status/1456258712184635393,1456258712184635393,2021-11-04T13:55:07+00:00,BEIS SoS Kwarteng this morning #COP26 plenary: â€œIâ€™m pleased to announce today that the UK is committingÂ Â£126m and Â£22mÂ funding respectively toÂ support aÂ just and inclusiveÂ energyÂ transition globally.â€Â  #TransformingEnergyAccess @FCDOResearch #SDG7 https://t.co/n3iCcn5b6b,The Highlands,False,2,12,26,5,en,Twitter for iPhone,,,joy,0.6392703652381897
https://twitter.com/AdrianMorrow/status/1461034157358866432,1461034157358866432,2021-11-17T18:11:02+00:00,Trudeau says wealthy countries have an â€œessential responsibility to fund the energy transition in places around the worldâ€ so the global south avoids â€œthe mistakes we madeâ€ in relying on fossil fuels,"Washington, D.C.",True,2,4,31,1,en,Twitter for iPhone,,,neutral,0.9224641919136047
https://twitter.com/biconnections/status/1458271027906195463,1458271027906195463,2021-11-10T03:11:21+00:00,"#artificialintelligence Is Critical Enabler Of The Energy Transition, Study Finds
The World Economic Forum has published a new study on how #artificialintelligence (#AI) can be used ..
https://t.co/tJyJdCIPNs

https://t.co/2bb6ddn3V4",Belgium,False,0,5,1,0,en,Twitter Web App,,,fear,0.5486301779747009
https://twitter.com/cellcube/status/1453380246892331009,1453380246892331009,2021-10-27T15:17:08+00:00,#CellCube shows how energy communities can share a redox flow #EnergyStorage system based on #vanadium technology. We are proud of participating in a trendsetting Austrian future program supporting the #energytransition. https://t.co/tj56e47QSV,Wiener Neudorf / Vienna,False,0,2,12,2,en,Twitter Web App,,,joy,0.46905243396759033
https://twitter.com/EnejInsights/status/1456681653661745155,1456681653661745155,2021-11-05T17:55:44+00:00,What does the energy transition mean for Nigeria? https://t.co/9U61aVuXcA,,False,0,0,0,0,en,Twitter for iPhone,,,neutral,0.7780538201332092
https://twitter.com/BritGeoSurvey/status/1456315440507019267,1456315440507019267,2021-11-04T17:40:32+00:00,"What role can hydrogen play in the energy transition?
Why are heat networks crucial in the adoption of geothermal energy?

Find out the answers to these questions and more in Chasing #Carbon, part of our #COP26 lecture series.

https://t.co/lphyInU6MP https://t.co/Fl3Sdv2m6t",Nottingham HQ,True,0,3,5,0,en,Hootsuite Inc.,,,fear,0.8499234318733215
https://twitter.com/MssZeeUsman/status/1455601437845688320,1455601437845688320,2021-11-02T18:23:21+00:00,"The Just Energy Transition Partnership was announced today to support South Africaâ€™s transition from coal.

Itâ€™s a joint effort with France, Germany, UK, US &amp; the EU will mobilise an initial commitment of $8.5 billion for the first phase of financing 5/
 https://t.co/y68cVDjTcv",Washington D.C. | Dubai,False,1,0,2,0,en,Twitter for iPhone,,,neutral,0.48273685574531555
https://twitter.com/BEA_Energy/status/1454083691676831747,1454083691676831747,2021-10-29T13:52:22+00:00,"#energytransition #NuclearPower #Belgium: cher @DamienERNST1:je t'apprÃ©cie,mais = pas ok d'ainsi tronquer la rÃ©alitÃ© pour qqu'un de ton intelligence:-(
Damien Ernst sur la sortie du nuclÃ©aire en 2025: ""On est en train de sauter de lâ€™avion, sans parachute"" https://t.co/DcY5Rypift","Brussels, Belgium",False,0,0,0,0,fr,Twitter Web App,,,fear,0.8755414485931396
https://twitter.com/EnergyImpact_/status/1460678248476471297,1460678248476471297,2021-11-16T18:36:47+00:00,#ICYMI @EnergyImpact_ closes over $1 billion in latest flagship fund #energytransition #climateinvesting #NetZero https://t.co/SprThvLSHF,"New York, NY",False,1,0,1,0,en,Twitter Web App,,,fear,0.8884499073028564
https://twitter.com/GelionEnergy/status/1457886206528659457,1457886206528659457,2021-11-09T01:42:12+00:00,"To make the #EnergyTransition to #renewables, safe, robust and scalable batteries will need to be everywhere.

@Energy_QLD is looking for #batteries to overcome the 'solar duck curve'... 

https://t.co/8IM5DcKFPn","Sydney, New South Wales",False,0,0,1,0,en,Twitter for iPhone,,,fear,0.9013017416000366
https://twitter.com/caterina_calo/status/1459117522154889216,1459117522154889216,2021-11-12T11:15:01+00:00,ğŸŒ±ğŸŒâ˜€ï¸#carbonfree #energytransition https://t.co/uXeivYfi7V,"Rome, Italy ",False,0,0,0,0,und,Twitter Web App,,,joy,0.4677630364894867
https://twitter.com/nbso_nantes/status/1458078853499392000,1458078853499392000,2021-11-09T14:27:43+00:00,"ğ—•ğ—¶ğ—¼ğŸ¯ğŸ²ğŸ¬ ğ—¯ğ—²ğ˜‚ğ—¿ğ˜€: ğ—¯ğ—¶ğ—¼ğ—ºğ—®ğ˜€ğ˜€ğ—® ğ—²ğ—» ğ—¯ğ—¶ğ—¼-ğ—²ğ—»ğ—²ğ—¿ğ—´ğ—¶ğ—²: ğ—±ğ—² ğ—´ğ˜‚ğ—»ğ˜€ğ˜ğ—¶ğ—´ğ—² ğ—™ğ—¿ğ—®ğ—»ğ˜€ğ—² ğ—ºğ—®ğ—¿ğ—¸ğ˜ğ—¼ğ—ºğ˜€ğ˜ğ—®ğ—»ğ—±ğ—¶ğ—´ğ—µğ—²ğ—±ğ—²ğ—»

#biogas
#biomass
#bioenergy
#energytransition https://t.co/Dwgh8tWYop","Nantes, France",True,0,1,2,1,no,Twitter Web App,,,fear,0.4326198399066925
https://twitter.com/GasStrategies/status/1461035954605596674,1461035954605596674,2021-11-17T18:18:10+00:00,"Gas Matters Today is out now. Read our take on the major #naturalgas and #LNG industry headlines from around the world here:

https://t.co/ZUYSD912Es

#oilandgas #EnergyTransition #energynews #ONGT #methane 
#emissions #NordStream2 #carboncapture https://t.co/RvPheAbcAP","City of London, London",False,0,0,0,0,en,TweetDeck,,,fear,0.769832968711853
https://twitter.com/APO_source/status/1457609974021038086,1457609974021038086,2021-11-08T07:24:33+00:00,"Sahara group advocates measured transition in Africaâ€™s upstream sector @africaoilweek #Africa #Energy #EnergyTransition #OilandGas #Upstream
Read more: https://t.co/4LxDQIW6kM",#AFRICA #MENA,True,0,1,0,0,en,Africa Newsroom,,,fear,0.8930890560150146
https://twitter.com/marianocejasr/status/1459485321272377350,1459485321272377350,2021-11-13T11:36:31+00:00,EnergÃ­as limpias #energy #EnergyTransition #eÃ³lica ğŸ‡®ğŸ‡¨ https://t.co/gob5xQBV0S,"Santa Cruz de Tenerife, EspaÃ±a",False,1,0,6,0,es,Twitter for iPhone,,,fear,0.5775343775749207
https://twitter.com/kelvinross68/status/1459099088478216204,1459099088478216204,2021-11-12T10:01:46+00:00,Two new use cases for energy sector #QuantumComputing: #gas leak detection and the development of #offshorewind - Read more... #energy #EnergyTransition  https://t.co/7cZfrtAnb9,,False,0,2,0,0,en,Twitter Web App,,,fear,0.9431381225585938
https://twitter.com/LuxResearch/status/1459554271675006977,1459554271675006977,2021-11-13T16:10:30+00:00,"@xcelenergy commits to fully decarbonizing its gas business by 2050! Learn more from expert analyst Jinze Dai, Ph.D.: https://t.co/t2RoxEWsyW #LuxTake #energytransition #hydrogen #innovation https://t.co/eyxZXluq9p","America, Asia Pacific, EMEA",False,0,0,0,0,en,HubSpot,,,fear,0.7102598547935486
https://twitter.com/GreekFire23/status/1458444684737617925,1458444684737617925,2021-11-10T14:41:24+00:00,BIDEN SAYS HAS ASKED WHITE HOUSE NATIONAL ECONOMIC COUNCIL TO PURSUE MEANS TO REDUCE ENERGY COSTSâ€¦..but but no more energy transition?,,False,2,2,15,1,en,Twitter for iPhone,,,neutral,0.501595139503479
https://twitter.com/FijiLum/status/1455177739388981251,1455177739388981251,2021-11-01T14:19:43+00:00,"Really proud of the @VictoryHill_LLP team for delivering value so soon after IPO. We set our targets, we exceeded them, and we want to grow more! #energytransition #vhgseo #victoryhill #esg #sustainableenergy #cop26 #climate #investing #global #unsdgs https://t.co/076RJCbny9",,False,0,2,4,0,en,Twitter for Android,,,fear,0.7779955863952637
https://twitter.com/DorganG/status/1459876583569870850,1459876583569870850,2021-11-14T13:31:15+00:00,"@imfnews via @centralbanks_ Soaring Metal Prices May Delay Energy Transition By  Lukas Boer,  Andrea Pescatori  ,  Martin Stuermer  and Nico Valckx
Â ä¸­æ–‡, EspaÃ±ol, FranÃ§ais, æ—¥æœ¬èª, PortuguÃªs, Ğ ÑƒÑÑĞºĞ¸Ğ¹
Clean energy needs may cause https://t.co/AqPIvwMdWJ",snbchf.com ,False,0,0,0,0,ca,Revive Social App,,,sadness,0.33599886298179626
https://twitter.com/Raptech_srl/status/1458386535678717953,1458386535678717953,2021-11-10T10:50:20+00:00,"""Harvesting energy with space solar panels could power the Earth 24/7"" via @CNET - #RenewableEnergy #EnergyTransition #solarenergy 
https://t.co/qP0JATZfpX",Italia,False,0,0,0,0,en,Buffer,,,fear,0.9030080437660217
https://twitter.com/feryans40672474/status/1460837082335612938,1460837082335612938,2021-11-17T05:07:56+00:00,"#Bumoon #ClimateActionNow #Crypto 
@UNDPClimate
 #Youth4Climate #BSCGems 
@BillGates
 
@Greenpeace
 #altcoin #Blockchain #EnergyTransition #Earth #ClimateAction #Investment #longterm #Indonesia #wastemanagement https://t.co/xvmoP8n5L6",,False,0,0,1,0,und,Twitter Web App,,,fear,0.9721586108207703
https://twitter.com/GigaWattGame/status/1459189877057204229,1459189877057204229,2021-11-12T16:02:31+00:00,@realmikefox we have the answer to 'what is a gigawatt'! We have developed a board game that lets you experience the energy transition and avoid a climate crisis. As avid fans of BttF we would we honored if you would voice over our kickstarter film #gigawattgame #BackToTheFuture,Amsterdam,False,0,0,0,0,en,Twitter Web App,,,fear,0.6234989166259766
https://twitter.com/MEnergyAssoc/status/1453450848995000327,1453450848995000327,2021-10-27T19:57:40+00:00,"The Nova Scotia government has introduced legislation that will enshrine in law 28 goals related to addressing climate change, including ending the use of coal to generate electricity 10 years earlier than scheduled
#EnergyTransition
https://t.co/FelYbhuHIS","Halifax, Nova Scotia",False,0,0,1,0,en,Twitter Web App,,,fear,0.5376151204109192
https://twitter.com/gulf_intel/status/1453676858478891010,1453676858478891010,2021-10-28T10:55:45+00:00,"ğ—©ğ—¶ğ—²ğ˜„ğ˜€ ğ—¬ğ—¼ğ˜‚ ğ—–ğ—®ğ—» ğ—¨ğ˜€ğ—²: Energy Transition Dialogues 
â¡ https://t.co/5fZHWkLXcT

""Even the hydrogen industry is problematic because much of the production is grey hydrogen â€“ produced from fossil fuels â€“ with emissions left uncaptured.""  @nathan_wrench @CambConsultants https://t.co/f0UZQWpKvg","Dubai, United Arab Emirates",False,0,3,5,0,en,Twitter Web App,,,fear,0.6904090046882629
https://twitter.com/cajunsmike1/status/1455878062663426048,1455878062663426048,2021-11-03T12:42:33+00:00,@Rascalian1 @IngrahamAngle You have no idea who I am.   There will be an energy transition but it will be market based.,"lafayette, la",False,0,0,0,0,en,Twitter for iPhone,,,surprise,0.42581191658973694
https://twitter.com/catmarie1812/status/1455908695297175553,1455908695297175553,2021-11-03T14:44:17+00:00,"Rien Ã  faire, les jours passent et la France toujours dans les 3 premiers du classement 
#COP26 #COP26Glasow #energytransition #nucleaire https://t.co/1wGfwsGrdW","Bordeaux, Aquitaine",False,1,0,4,0,fr,Twitter for Android,,,fear,0.849240243434906
https://twitter.com/ahmed_m_saeed/status/1458582429342437377,1458582429342437377,2021-11-10T23:48:44+00:00,"Grateful for the support of many, including Indonesian Finance Minister Sri Mulyani Indrawati @SecSonnySays @SecYellen @Helen_Whately @ADB_HQ President Masatsugu Asakawa for the #COP26 launch of the partnership to accelerate Southeast Asiaâ€™s clean energy transition. @KemenkeuRI",Republic of the Philippines,False,0,1,6,0,en,Twitter Web App,,,joy,0.3332315981388092
https://twitter.com/Lavorgnanomics/status/1454397746794930178,1454397746794930178,2021-10-30T10:40:18+00:00,â€œHigh prices are here to stayâ€¦[as] the energy transition is changing the rules of engagement.â€ https://t.co/AhGfvQdnKi,New York City,False,0,2,5,0,en,Twitter for iPhone,,,neutral,0.9176592826843262
https://twitter.com/TizianoSchiappa/status/1455098963720351744,1455098963720351744,2021-11-01T09:06:42+00:00,"#EDPR has secured a PPA to sell the clean energy produced by the 209 MWac Monte Verde solar power plant in BR. This co-invest 50%-50% with #EDPBrasil, is expected to enter in operation in 2024. More: https://t.co/6J98b4z4EU #EDPChangingTomorrowNow #EnergyTransition",Rome,False,0,0,0,0,en,Powered by Sprinklr,,,fear,0.6078428626060486
https://twitter.com/ChicagoCouncil/status/1459881052000894985,1459881052000894985,2021-11-14T13:49:00+00:00,"""The [clean] energy transition, which calls for the rapid phaseout of fossil fuels, is being challenged by the political realities,â€ @VVVijayEconBiz explains on our Deep Dish #podcast, highlighting a key stumbling block in combatting #climatechange https://t.co/T77hbE56ja","Chicago, IL",True,1,2,2,0,en,Sprout Social,,,fear,0.9458348155021667
https://twitter.com/rechargenews/status/1455464675303362561,1455464675303362561,2021-11-02T09:19:54+00:00,"[Sponsored Webinar] Join S&amp;P Global Platts for their digital fireside chat as their panelists explore recent developments in the energy transition and its future path in the energy and commodity markets.

https://t.co/YYb5STYYa2 https://t.co/Xbu3jHLr3h","UK, US, Germany",False,0,1,0,0,en,Twitter Web App,,,neutral,0.7096543908119202
https://twitter.com/SolarHomeIRL/status/1460740620813803528,1460740620813803528,2021-11-16T22:44:37+00:00,"If you don't want to play this game ğŸ‘‡ then install enough #solar and #storage to run off grid and watch from the sidelines ğŸ˜‹ğŸ’…â˜€

#EnergyCrisis #EnergyTransition #ClimateEmergency #Ireland https://t.co/l3hZQhTLQX","Wexford, Ireland",False,0,0,1,0,en,Twitter for Android,,,fear,0.9828061461448669
https://twitter.com/antoncarrascosa/status/1458474908028006406,1458474908028006406,2021-11-10T16:41:29+00:00,"IMF: Soaring prices for some key minerals, in particular, cobalt, lithium, copper and nickel (that could last through the end of this decade) could derail or delay the energy transition https://t.co/208PBW2PTM","Madrid, EspaÃ±a",False,0,0,1,0,en,Twitter for iPhone,,,fear,0.5273479223251343
https://twitter.com/em_abler/status/1456569312278421504,1456569312278421504,2021-11-05T10:29:20+00:00,"The rapidly growing #EVcharging market has presented a perfect opportunity for energy companies that cater to a wide range of B2B and B2C clients.

This is where an API-first platform can help you stay ahead of the competition.

https://t.co/OSzf8TCTjs

#energy #energytransition",,False,0,0,1,0,en,Twitter Web App,,,fear,0.4885726571083069
https://twitter.com/OurnaijanewsC/status/1454663764087918594,1454663764087918594,2021-10-31T04:17:22+00:00,Seplat seeks path to sustainable energyÂ transition https://t.co/mTLLTOBwwP,Nigeria,False,0,0,0,0,en,WordPress.com,,,neutral,0.7047368288040161
https://twitter.com/SAPEAnews/status/1456915042474110983,1456915042474110983,2021-11-06T09:23:08+00:00,"And so it begins #BerlinScienceWeek ğŸš€

Join us as we are travelling in time to solve the challenges of #EnergyTransition &amp; #ClimateEmergency.  

Would you rather go in the past or in the future?
Answer in the chat here ğŸ‘‰https://t.co/dsCfD1gdDe",Europe,False,0,1,3,0,en,Twitter Web App,,,fear,0.9871729612350464
https://twitter.com/ClimeonBerglund/status/1454073170269556740,1454073170269556740,2021-10-29T13:10:33+00:00,"Way to go Thomas Johansson ğŸš€ğŸš€ğŸš€

#MSI #Sustainable #GridScaleStorage #EnergyTransition https://t.co/aQzbUMObm2","Stockholm, Sweden",False,0,0,1,0,en,LinkedIn,,,fear,0.8601441979408264
https://twitter.com/MaryAsanga/status/1458668438965129218,1458668438965129218,2021-11-11T05:30:31+00:00,#Mozambique's #CoralSouth #FLNG and #Sonangol distinguished at #AfricanEnergyWeek #awards - #africa #energy #naturalgas #LNG #energytransition https://t.co/bybgrupYLM,Uyo,False,0,0,0,0,en,WordPress.com,,,fear,0.5625303983688354
https://twitter.com/iea_ebc_annex75/status/1453694146410057729,1453694146410057729,2021-10-28T12:04:27+00:00,"Join the online conference â€œSocial Innovation: Next steps in the Energy Transitionâ€ at TU Delft, onâ€¯18-19'Nov'2021
+
Interreg 2 Seas Triple-A/ IEA EBC Annex 75 workshop ""Social innovation for sustainable housing renovation in districts""

https://t.co/sbpxrv8nkb",,False,1,0,1,0,en,Twitter Web App,,,neutral,0.7227674126625061
https://twitter.com/globalfirstnews/status/1454353997830270978,1454353997830270978,2021-10-30T07:46:28+00:00,https://t.co/qk0Eg456WO QSL-GP Strengthens the Role of Natural Gas in Africaâ€™s Energy Transition https://t.co/thTAteaVKB,Globally-Worldwide,False,0,0,0,0,en,Twitter Web App,,,neutral,0.40343645215034485
https://twitter.com/SolarMasons/status/1460760374777630723,1460760374777630723,2021-11-17T00:03:07+00:00,"[Webinar] The Future of the Energy Transition: Legislative Update on Renewable Energy Tax Incentives - November 17th, 12:00 pm - 12:30 pm EST | McDermott Will &amp; Emery - JDSupra https://t.co/EbseG3PRx5 via @jdsupra #SolarEnergy #RenewableEnergy #SolarPV #SolarMasons","Scranton, PA",False,0,2,0,0,en,ContentStudio.io,,,fear,0.7168757915496826
https://twitter.com/RanaAdibX/status/1456196618626215938,1456196618626215938,2021-11-04T09:48:23+00:00,"@ICLEI_advocacy is underlining during #COP26 cities briefing that 60 new countries have included local governments in their #NDCs. An opportunity, as multilevel governance is also key for driving the urban energy transition with #renewables!! https://t.co/3qErOjYw4B","Paris, France",False,0,1,3,0,en,Twitter for Android,,,fear,0.5433332324028015
https://twitter.com/Marrvine_/status/1458127946674212866,1458127946674212866,2021-11-09T17:42:47+00:00,Deep sea mining is the next frontier. Not addressing it in COP26 is not only a deadly mistake but also a miscalculation on the the role it has to play in the Energy Transition agenda.,"Scotland, United Kingdom",False,0,0,14,0,en,Twitter for iPhone,,,fear,0.5988489389419556
https://twitter.com/IEEFA_India/status/1453968327991119881,1453968327991119881,2021-10-29T06:13:57+00:00,"To secure the global capital for RE projects, companies such as @ntpclimited and @TataPower  will need to deliver on commitments to not build new coal plants beyond current pipelines, says IEEFA's Shantanu Srivastava. Via @pvmagazineindia
#energytransition
https://t.co/2ufBWSaMED",,False,0,0,1,0,en,Hootsuite Inc.,,,fear,0.874610424041748
https://twitter.com/cynthiaechave/status/1452939726881763332,1452939726881763332,2021-10-26T10:06:39+00:00,"Energy transition with holistic approach, the aim of the #ETUInitiative to know more, please join us today at 3:30pm (CET)
@MEDProgramme @EMEAorg
@RegeaAgency @AEGEAN_ENERGY @EnvironmentPark @ZRSBistra @PrismiProject @local4green @PegasusPZ @StoRES_project @InterregMedRE https://t.co/m3eRybyAGl","Barcelona, EspaÃ±a",False,0,0,3,0,en,Twitter for Android,,,fear,0.8019936084747314
https://twitter.com/SICREEE_SICA/status/1456652669079146509,1456652669079146509,2021-11-05T16:00:34+00:00,"ğŸ“£#Webinar: ""Accelerating the energy transition through regional renewable energy and energy efficiency product and service markets within the African Continental Free Trade Area"". 

ğŸ—“ 25 November
â°10 AM (CA) 

ğŸ“² https://t.co/GIy49CLuej 
 @AfCFTA https://t.co/waFssKs5HY",El Salvador,False,0,2,3,0,en,Twitter Web App,,,fear,0.885897159576416
https://twitter.com/ScotRenew/status/1453680122641461251,1453680122641461251,2021-10-28T11:08:43+00:00,The @scotgov has today published a consultation on its Onshore Wind Policy Statement and its ambition to more than double Scotlandâ€™s onshore wind capacity by 2030. Read our full response here: https://t.co/JGZbuZBqN0 #energytransition #netzero #UKWindWeek https://t.co/758pyB96Me,"Bath Street, Glasgow",False,0,6,5,2,en,Twitter Web App,,,fear,0.9145087003707886
https://twitter.com/FoEint/status/1456554025428652032,1456554025428652032,2021-11-05T09:28:35+00:00,"8 Nov at #COP26 &amp; onlineğŸ“¢ Join the Just Transition hub, a day of workshops &amp; talks about how we can achieve an energy transition based on justice, from UK to worldwide. + Watch out for our booklet on feminist perspectives on the #JustTransition. Register: https://t.co/96YQF6cNxa https://t.co/oOHfti8ghX",Worldwide,False,0,3,9,1,en,Twitter Web App,,,joy,0.4103611409664154
https://twitter.com/Energy4Europe/status/1458811845507174402,1458811845507174402,2021-11-11T15:00:22+00:00,"Do islands ğŸï¸ need green #hydrogen for their clean #energytransition?

Join our webinar on 23 November to find out and learn about the role of hydrogen for the #cleanenergy transition of Texel.

Register here â¡ï¸https://t.co/cq8ipnoQQf #CE4EUIslands https://t.co/QwkKJc9krs",Europe,True,0,5,8,0,en,Twitter Web App,,,fear,0.8137238025665283
https://twitter.com/ICLEI_carbonn/status/1456184483594506242,1456184483594506242,2021-11-04T09:00:10+00:00,"Did you know that '100% Renewables' is key to staying below 1.5 degrees?
Join us TODAY Nov 04 /10 AM UTC on 100% Renewables: Driving the Inclusive Renewable Energy Transition #COP26 
Click here https://t.co/WdL0PTGEkI

#urbanLEDS 
#LGMA 
#Time4MultilevelAction https://t.co/S5235MnqPs","Bonn, Germany",False,0,0,1,0,en,Buffer,,,fear,0.8178165555000305
https://twitter.com/PPF_Official/status/1453404885626523666,1453404885626523666,2021-10-27T16:55:02+00:00,"ğŸ¯ There is a growing consensus that funding the fossil industry is no longer a choice, economically or for our climate, now shifting trillions of dollars towards the clean #energytransition. 
#hydrogeneconomy #COP26Glasgow #cleanenergy #renewablenergy
https://t.co/cL339pgCE0",Switzerland,False,0,6,14,0,en,Sprout Social,,,fear,0.7854931354522705
https://twitter.com/AMAN_Alliance/status/1453655130990075911,1453655130990075911,2021-10-28T09:29:25+00:00,"Lusa - Business News - Angola: Country has no strategy for energy transition - businessman
https://t.co/y30T8LPmPy",Around the Mediterranean Sea,False,0,0,0,0,en,Twitter Web App,,,neutral,0.6011115312576294
https://twitter.com/WBD_Employment/status/1455940185917730826,1455940185917730826,2021-11-03T16:49:25+00:00,"With COP26  in full swing, are you aware of the key dates, events and insights on the journey to net zero? ğŸŒ

Our energy transition timeline highlights them all. Take a look ğŸ‘€

https://t.co/vBVkFO2pwe

#RebuildBritain #COP26 #ClimateChange #NetZero https://t.co/PwLqKkSN8L",United Kingdom,False,0,0,0,0,en,Hootsuite Inc.,,,fear,0.9151581525802612
https://twitter.com/ed_synnott/status/1452903367416614919,1452903367416614919,2021-10-26T07:42:11+00:00,"â€˜The state is asking for help from residents, who will be paid to install batteries and send more rooftop solar production to the grid.â€™ Great article highlighting Hawaiiâ€™s real-time rapid experiment in clean energy transition. One to watch! #ClimateCrisis https://t.co/y2wfOr7MLV",Spain & UK,False,0,1,2,0,en,Twitter for iPhone,,,fear,0.9691159129142761
https://twitter.com/webwire/status/1458853664395649024,1458853664395649024,2021-11-11T17:46:32+00:00,"Shell and Baker Hughes Sign Broad Collaboration Agreement to Accelerate Energy Transition, Achieve Net-Zero Emissions https://t.co/uQccE0aFP9",,False,0,0,0,0,en,dlvr.it,,,neutral,0.7043102979660034
https://twitter.com/rechargenews/status/1453754716471676932,1453754716471676932,2021-10-28T16:05:08+00:00,"Excellent opinion piece by @GerardReid14 on why Europe urgently needs power market reform in a greener world:

#powermarkets #renewableenergy #gascrisis #gasprices #energytransition #electricitymarkets #electricityprices #renewables

https://t.co/PYkwFhZxqe","UK, US, Germany",False,0,0,2,0,en,Twitter Web App,,,fear,0.9222947359085083
https://twitter.com/cryptoaline/status/1458979494019145729,1458979494019145729,2021-11-12T02:06:32+00:00,EU climate boss sees a role for natural gas in the green energyÂ transition https://t.co/7tzvmF4R2D,,False,0,0,0,0,en,WordPress.com,,,neutral,0.6124843955039978
https://twitter.com/RMICities/status/1457766984385318912,1457766984385318912,2021-11-08T17:48:27+00:00,"We're excited for citites, counties, &amp; states to use this new @RockyMtnInst report to make the #EnergyTransition equitable. This report, alongside UT's work in TX, the Sustainable Cooling Handbook, &amp; inclusive Solarize campaigns, will help local govts improve #EnergyEquity. https://t.co/xtLNzJBGlF",International,False,0,0,4,0,en,TweetDeck,,,joy,0.788960337638855
https://twitter.com/mpf1somalia/status/1459491233030492168,1459491233030492168,2021-11-13T12:00:00+00:00,"Energy transition is critical in ğŸ“‰ poverty and ğŸ“ˆ job creation. In 2020 jobs in the renewable energy sector reached 12 million globally and it is predicted that a shift to low-carbon, resilient economies could create even more.
https://t.co/lnMc61ytyP https://t.co/vFfdhEhCbK","Nairobi, Kenya",False,0,1,1,0,en,Twitter Web App,,,neutral,0.5224800109863281
https://twitter.com/Christinearndt4/status/1453538432928530434,1453538432928530434,2021-10-28T01:45:42+00:00,@brianlilley Guibeault shut-up about emission targets. Where is the  plan that considers social and economic impacts of an uncontrolled green energy transition?   We need leaders to understand those types of measurements are of equal importance.,,False,0,0,4,0,en,Twitter for iPhone,,,fear,0.3116315007209778
https://twitter.com/costinhas/status/1460591269080666121,1460591269080666121,2021-11-16T12:51:09+00:00,"Congratulations to #EDP! It's a rewarding feeling to be part of a company recognized as the world's most sustainable electric utility in the @DowJones Sustainability Index, with its highest classification ever. ğŸ‘‰ https://t.co/Bm05hfC9hX.
#EDPChangingTomorrowNow #EnergyTransition https://t.co/c04yvzCKDi","Lisboa, ou por aÃ­ perto",False,0,0,0,0,en,Powered by Sprinklr,,,joy,0.9441210627555847
https://twitter.com/InfoEcowelle/status/1455158005859770379,1455158005859770379,2021-11-01T13:01:18+00:00,"Very informative session with IGEM - Institution of Gas Engineers and Managers attended by our young engineers covering, 'Building Regulation on Gas and Self Certification Schemes'
#TeamEcowelle #Sustainability #GasIndustry #NetZero #Gas #Engineers #EnergyTransition https://t.co/6GnfjgeCDe","Kingston upon Thames, London",False,0,0,0,0,en,Hootsuite Inc.,,,fear,0.8592137098312378
https://twitter.com/EricBunnyBlair/status/1456414000548253719,1456414000548253719,2021-11-05T00:12:11+00:00,"@erinotoole I'm focused on taking away your job Erin.

The energy transition is not only a moral imperative but it is a gigantic opportunity for jobs.",The same planet as you,False,0,0,0,0,en,Twitter Web App,,,sadness,0.3380673825740814
https://twitter.com/EPRINews/status/1454145782496600071,1454145782496600071,2021-10-29T17:59:05+00:00,"Jereza will start off #COP26 by participating in @IEA @ICF 'Climate Resilience for the Global Clean Energy Transition' on Nov. 4, at 11:15 a.m. EDT (3 p.m. GMT)

Register now: https://t.co/jBuOr9CzyQ","Palo Alto, California",False,1,0,0,0,en,Twitter Web App,,,fear,0.8987908363342285
https://twitter.com/JMPyper/status/1455462563316211714,1455462563316211714,2021-11-02T09:11:30+00:00,"Itâ€™s easy to be pessimistic on climate. But Indiaâ€™s energy transition is cause for hope. Fossil fuels are still in use, but the country is on a remarkably lower-carbon path. For a deeper dive, check out this 3-part series I published earlier in the year: https://t.co/1CfjH52XBO https://t.co/GDesApLy82","Los Angeles, CA",True,0,0,4,0,en,Twitter for iPhone,,,neutral,0.6419671177864075
https://twitter.com/SIEW_sg/status/1453557510451838983,1453557510451838983,2021-10-28T03:01:30+00:00,Mike Thomas of @LantauGroup gives his take on striking a balance between human and non-human elements in the energy transition. #SIEW2021 #SIEWThinkTankRoundtables,Singapore,True,0,1,1,0,en,Twitter Web App,,,fear,0.8711585402488708
https://twitter.com/energigune_brta/status/1454014404291407877,1454014404291407877,2021-10-29T09:17:02+00:00,"ğŸ“¢At CIC energiGUNE, we are looking for a #laboratorytechnician to work on #battery #electrolytes for our #polymer #research line with the ultimate goal of accelerating the discovery of materials for the #energytransition. ğŸ™ŒJoin our enthusiastic team!ğŸ‘‡
https://t.co/pzxNL4dLBW https://t.co/dBK72m0yy3",Vitoria-Gasteiz Basque Country,True,0,11,27,1,en,Twitter Web App,,,joy,0.9056762456893921
https://twitter.com/Jonatha26139035/status/1460902354258124808,1460902354258124808,2021-11-17T09:27:18+00:00,"@RuddyDev @cr1ms_ @_vincevintage Much of the energy for Ethereum mining still comes from fossil fuels. Regardless, even if crypto mining used 100% renewable energy that is still an additional energy burden that drives up energy prices and ultimately protracts the renewable energy transition.",India,False,2,0,20,0,en,Twitter Web App,,,anger,0.6536054015159607
https://twitter.com/APO_source/status/1454051277499940864,1454051277499940864,2021-10-29T11:43:34+00:00,"QSL-GP Strengthens the Role of Natural Gas in Africaâ€™s Energy Transition @energy_african #Africa #Energy #EnergyTransition #NaturalGas
Read more: https://t.co/43wk2AKycF https://t.co/xg4dtX5CDh",#AFRICA #MENA,True,0,1,0,0,en,Africa Newsroom,,,fear,0.8062552213668823
https://twitter.com/KadriSimson/status/1455975565278826501,1455975565278826501,2021-11-03T19:10:00+00:00,"Morocco is a regional leader on #cleanenergytransition &amp; a role model for South Mediterranean &amp; #Africa. Great meeting w/ @LeilaRBenali, new minister of Energy Transition &amp; Sustainable Development of ğŸ‡²ğŸ‡¦ 

Excited to develop together a strong #EU â€‘ #Morocco partnership. #COP26 https://t.co/GZGHck0qtZ",Estonia,True,8,44,198,5,en,Twitter Web App,,,fear,0.8437241315841675
https://twitter.com/InnovArch/status/1456227676390371330,1456227676390371330,2021-11-04T11:51:48+00:00,Space solar power's time may finally be coming #SpaceSolarEnergy #Solar #EnergyTransition #GreenEconomy #SolarEnergy #RenewableEnergy #ModernRenaissance #Energy  https://t.co/cVNapaV0qF,"Boston, MA",False,0,0,0,0,en,Twitter for iPhone,,,fear,0.8284382820129395
https://twitter.com/StAndreasson/status/1455464502175191042,1455464502175191042,2021-11-02T09:19:13+00:00,The only way out for #Eskom will be the European and US taxpayers stumping up the loans for the #EnergyTransition? South Africa power monopoly seeks more than $30bn to end #coal reliance via @FT  https://t.co/Vr3uquEG6J,Northern Ireland,False,0,2,3,1,en,Twitter for iPhone,,,fear,0.9548779726028442
https://twitter.com/GrantChalmers/status/1454937458416623624,1454937458416623624,2021-10-31T22:24:56+00:00,The evolution of zero/negative five-minute dispatch prices for the month of October. #AEMO #rstats #ggplot2 #EnergyTransition https://t.co/5ei615RUbS,"Brisbane, Queensland",False,5,9,16,0,en,Twitter Web App,,,fear,0.600337028503418
https://twitter.com/BalanceSeoul/status/1460176949104586752,1460176949104586752,2021-11-15T09:24:48+00:00,"Shell to scrap dual listing, shift to London in energy transition https://t.co/VgC9GLRULw","Seoul, Korea",False,0,0,0,0,en,Twitter Web App,,,neutral,0.7450032830238342
https://twitter.com/manjusrii/status/1455345466955079683,1455345466955079683,2021-11-02T01:26:12+00:00,"We all know the reason that our government is protecting coal and trying desperately to avoid an energy transition to renewables. We know what the incentive is.

Why on earth canâ€™t we change that incentive, or remove it altogether?","Melbourne, Victoria",True,3,10,50,0,en,Twitter for iPhone,,,neutral,0.8357133269309998
https://twitter.com/JacekWierzbicki/status/1460296179363696643,1460296179363696643,2021-11-15T17:18:34+00:00,Shell to Move Headquarters to London Amid Energy Transition https://t.co/0IDs77bGxW via WSJ #news #WSJ,,False,0,0,0,0,en,Microsoft Power Platform,,,fear,0.8740299940109253
https://twitter.com/Hermenethre/status/1456637280131719168,1456637280131719168,2021-11-05T14:59:25+00:00,"From the two-time award-winning book: FREE CHAPTER HERE:
https://t.co/PoaG1gBLAN
#publishing #books #ebooks #Reading #PublishersWkly #energytransition #spacetravel #Space #quantum #QuantumComputing #NASA #spacetravel #SpaceX #TruthBreaking #facts #celebrity #quantum #amazonbooks https://t.co/H7cLeOzmmi",Toronto,False,0,1,0,0,en,Twitter Web App,,,joy,0.8594250082969666
https://twitter.com/SIEW_sg/status/1452829495811985411,1452829495811985411,2021-10-26T02:48:38+00:00,"#AsiaCleanEnergySummit is back from the short break. Look forward to a dialogue with global CEOs on the role of utilities in driving the ASEAN energy transition, moderated by Dr Marko Lackovic of @BCG. #SIEW2021",Singapore,True,0,1,2,0,en,Twitter Web App,,,fear,0.6523545384407043
https://twitter.com/peterlacy/status/1455890338053337091,1455890338053337091,2021-11-03T13:31:20+00:00,Kudos and thanks Mark for all you are doing to mobilise the financial #energytransition #NetZero transition. So much to still be done. Both ramping up the good. And exiting the bad. But nobody doing more ğŸ‘ğŸ» https://t.co/zsVC7NbE8L,United Kingdom,True,0,0,0,0,en,Twitter for iPhone,,,joy,0.5063117146492004
https://twitter.com/GreatLakesPeck/status/1454866277265182723,1454866277265182723,2021-10-31T17:42:05+00:00,"The energy transition means MORE reliable power as it must: â€œIf we are serious about climate justice, we must insist on a resilient electricity grid. Below we briefly examine two ways of grid strengthening: burying cables and creating local grids.â€ https://t.co/cZvYXwwcXw","Ann Arbor, MI",False,0,3,5,0,en,Twitter for iPhone,,,neutral,0.913359522819519
https://twitter.com/debatingeurope/status/1455534010877284364,1455534010877284364,2021-11-02T13:55:25+00:00,"Today, leaders continue to discuss #NetZero goals at #COP26. But how will that affect YOU? How can we ensure that the energy transition happens in a fair manner, minimising the impact on low-income families and the average household? #EUClimatePact 
https://t.co/8UPRdZIOMd",,True,0,0,0,0,en,Twitter Web App,,,fear,0.9555429220199585
https://twitter.com/moesl_roland/status/1458601461642842113,1458601461642842113,2021-11-11T01:04:22+00:00,"@jilevin Wrong, the landlords, the insane high real estate prices.
Against the climate crisis: Real energy transition, ""land for energy"", the barter of cheap building land for a lot of solar power, homeownership affordable for the richest 95% of the population. https://t.co/ZiTdLPOmto",Salzburg - Sankt Leonhard,False,0,0,1,0,en,Twitter Web App,,,anger,0.47334036231040955
https://twitter.com/InfinitePowerL/status/1455566636367466497,1455566636367466497,2021-11-02T16:05:03+00:00,"""We can be an enabler to solve climate change as we need power for a lot of these technologies... and cheap power."" Steve Whitehead on the @OxeraConsulting panel. #COP26  #energytransition 
Thread ğŸ‘‡ https://t.co/2lu6JnN4my",United Kingdom,False,1,3,9,0,en,Twitter Web App,,,fear,0.7637038826942444
https://twitter.com/TRossawan/status/1454997813608124426,1454997813608124426,2021-11-01T02:24:45+00:00,"""Becoming a part of the energy transition is no longer an option, but a reality,",,False,1,0,0,0,en,Twitter for iPhone,,,neutral,0.8667402863502502
https://twitter.com/SEforALLorg/status/1455087728308195339,1455087728308195339,2021-11-01T08:22:03+00:00,"[GMT]
11:00 - #COP26 World Leaders Summit

15:15 - #SDG7: How do we scale low-carbon cooking?
ğŸ™ï¸@UKMECS 

16:15 - Mobilizing corporate climate leadership to accelerate a just #energytransition in emerging markets
ğŸ™ï¸D-REC Initiative @southpoleglobal 

#SDG7BeBold","Vienna, Austria",True,1,2,3,2,en,Twitter for iPhone,,,fear,0.9133417010307312
https://twitter.com/jmorenocruz/status/1458880598035030019,1458880598035030019,2021-11-11T19:33:33+00:00,"What will happen when our delay in tackling emissions, ensuring a just energy transition, providing the means for the poorest people in the world to adapt, and negative emissions capacity becomes too pressing. We will jump blindly into a stupid scramble to deal with solar geo.","Waterloo, Ontario",False,1,0,3,0,en,Twitter Web App,,,anger,0.4958813786506653
https://twitter.com/SvVeldhoven/status/1453369498074066946,1453369498074066946,2021-10-27T14:34:25+00:00,"Speeding up the energy transition is crucial to protect our climate. That is why the largest pensionfund in the Netherlands has decided to retreat from #fossil investments, and turn to #renewables Great step, by @abppensioen https://t.co/TQtQqDOd5t",,True,2,1,6,0,en,Twitter for iPhone,,,fear,0.6494254469871521
https://twitter.com/AlexCKaufman/status/1456614793578786817,1456614793578786817,2021-11-05T13:30:04+00:00,"@ossoff This is an interesting story b/c it shows the energy transition's competing interests. On the one hand, relying on China to supply nearly everything for the U.S.'s fastest-growing power source poses risks and gives fossil fuels political clout. OTOH, we need jobs and deployment.",Queens,True,0,1,4,0,en,TweetDeck,,,joy,0.6130988597869873
https://twitter.com/ClientEarthEUR/status/1453721465124102144,1453721465124102144,2021-10-28T13:53:00+00:00,The fossil fuel crisis should rocket-launch the fight against climate change. EU leaders need to turn this harsh reality into an opportunity to speed up Europeâ€™s energy transition says ClientEarth Head of EU affairs @AnaisBerthierCE https://t.co/qNSMMYBwsf,Europe,False,0,0,1,0,en,Sprout Social,,,anger,0.9539676904678345
https://twitter.com/AlexWitzleben/status/1452946897958752260,1452946897958752260,2021-10-26T10:35:09+00:00,Five of the best European clean energy projects and leaders received EU Sustainable Energy Awards | European Commission https://t.co/yxgB1PsFgk #ClimateActionNow #EUGeenDeal #EnergyTransition,Brussels,False,0,1,0,0,en,Twitter Web App,,,fear,0.7407464981079102
https://twitter.com/iwe_bonn/status/1456250762426679307,1456250762426679307,2021-11-04T13:23:32+00:00,"@AnneBeathe_, Norway's Minister of International Development: ""Either we break through together or we break down alone.""

@COP26 @UNFCCC @aimeevanrobot #Sustainability #EnergyTransition #ClimateChange #COP26Glasgow #COP26","Bonn, Germany",False,0,1,1,0,en,Twitter for Android,,,fear,0.8570194840431213
https://twitter.com/drive_mpower/status/1458751404693241856,1458751404693241856,2021-11-11T11:00:11+00:00,"ğŸŒ³Horst aan de Maas aims to be a fully climate neutral, climate proof, circular and nature-friendly town by 2050. Its 42,000 citizens are involved in many #sustainability projects. Read more about the Dutch municipalityâ€™s #energytransition ambitions: https://t.co/KSMBDvom7T https://t.co/h21KmzTjk9",Europe,False,0,1,0,0,en,MeetEdgar,,,joy,0.410650372505188
https://twitter.com/caixin/status/1453462610624618505,1453462610624618505,2021-10-27T20:44:25+00:00,Chinaâ€™s wind turbine giant Goldwind projects that a demand boom will resume after this yearâ€™s pause amid a global renewable energy transition. https://t.co/CsDj9TmC2e,Beijing,True,0,1,0,0,en,TweetDeck,,,neutral,0.6859517097473145
https://twitter.com/fabio_scala/status/1456444680523198469,1456444680523198469,2021-11-05T02:14:05+00:00,#Angola aims for 70% #renewable capacity by #2025 - #africa #energy #cleanenergy #renewables #renewableenergy #energymix #energytransition #energysecurity https://t.co/h2LcQu5DsS,"London, UK",False,0,0,0,0,en,WordPress.com,,,fear,0.8939452767372131
https://twitter.com/rhomotion/status/1458052774210441221,1458052774210441221,2021-11-09T12:44:05+00:00,"We have just posted our latest COP26 briefing on our membership platform. This covers some of the key energy storage related highlights from the first week of the summit.

Members can access the briefing here: https://t.co/qv6OLg3Log

#cop26 #energytransition #batterymarket https://t.co/YU00QzzLyv",,False,1,0,7,0,en,Twitter Web App,,,fear,0.46992212533950806
https://twitter.com/AzizahHaira/status/1456758227228635139,1456758227228635139,2021-11-05T23:00:01+00:00,Kementerian ESDM menyambut positif fasilitas energy transition mechanism (ETM) ini #SemangatDukungVaksinasi https://t.co/8qsix1LYX7,,False,0,0,0,0,in,Twitter Web App,,,fear,0.8452041149139404
https://twitter.com/disha_agarwal12/status/1458035086117376006,1458035086117376006,2021-11-09T11:33:48+00:00,"Do watch this space for an important conversation on measures that the #sustainability champions can take to ensure a gender-inclusive #energytransition!
#GenderDay #COP26 https://t.co/LxvtjJVUHL","Noida, India",False,0,0,3,0,en,Twitter for Android,,,fear,0.926962673664093
https://twitter.com/exploregh/status/1457983539627143169,1457983539627143169,2021-11-09T08:08:58+00:00,"RT @NankabirwaRS: RT @EITIorg: Live at #AOW21: How are African governments adapting their energy policies in an era of  #energytransition? EITI in discussion with ministers from #CotedIvoire ğŸ‡¨ğŸ‡®, #Ghana ğŸ‡¬ğŸ‡­ (@EgyapaMercer @energy_min), #Mauritania ğŸ‡²ğŸ‡· (@Petâ€¦ https://t.co/FRub0XcSs7",Ghana,False,0,3,7,0,en,IFTTT,,,fear,0.9121648073196411
https://twitter.com/bneintellinews/status/1453133155561615364,1453133155561615364,2021-10-26T22:55:16+00:00,#bneGREEN: #Kazakhstan faces mighty #coal headache in #EnergyTransition. Country looks at #natgas as transition fuel.Building #nuclear power plant may become inevitability despite publicâ€™s misgivings @COP26 #COP26 #NetZero #Energy https://t.co/LXXZTtmFYi https://t.co/njiPoczurw,London,False,0,0,2,0,en,intellinews site integration,,,fear,0.752384603023529
https://twitter.com/BenitaSiloko/status/1458122742587445256,1458122742587445256,2021-11-09T17:22:07+00:00,Energy transition would not depend on national grids @Hemanthawithana #COP26 Peoples Summit - Oil Watch International @OilwatchI @NnimmoB @EcoHomef @FoEint https://t.co/exZNuAwzwr,"Newcastle Upon Tyne, England",False,0,1,1,0,en,Twitter for iPhone,,,fear,0.8837950825691223
https://twitter.com/trippbaird/status/1452790100950020099,1452790100950020099,2021-10-26T00:12:06+00:00,!a rapid clean-energy transition is the least expensive path forward! https://t.co/tuvdrWOVB3,San Francisco,False,0,0,0,0,en,Twitter Web App,,,surprise,0.5950689911842346
https://twitter.com/Energy4Europe/status/1460907829041287175,1460907829041287175,2021-11-17T09:49:03+00:00,"On 25 November we will kick off the #SETPlan2021  Conference in Bled ğŸ‡¸ğŸ‡®
Interested in how to boost the #energytransition towards a #climateneutral energy âš¡ï¸ system? 
How to make it more people-centric? 
Register here â¡ï¸ https://t.co/qceyeGtt9h https://t.co/ouRK7HgLzO",Europe,True,0,12,13,0,en,Twitter Web App,,,fear,0.9017037749290466
https://twitter.com/e_rawlins/status/1460839950979579906,1460839950979579906,2021-11-17T05:19:20+00:00,"Tarkemmin rahoituskriisi: 

""To help fund the clean-energy transition and climate resilience in developing countries, each high-income country would be levied $5 per ton of CO2 emitted. These CO2 levies would start as soon as possible and rise gradually, doubling in five years."" https://t.co/fmvSCWdYfB",Planet Earth,False,0,0,0,0,en,Twitter Web App,,,neutral,0.581000030040741
https://twitter.com/iberdrola/status/1460707495710703616,1460707495710703616,2021-11-16T20:33:00+00:00,"Un megaproyecto INCREÃBLE en medio del mar del Norte: EAST ANGLIA ONE.
Sus datos: 
1ï¸âƒ£0ï¸âƒ£2ï¸âƒ£ molinos #offshore.
1ï¸âƒ£6ï¸âƒ£7ï¸âƒ£ metros de altura cada aerogenerador.
3ï¸âƒ£5ï¸âƒ£0ï¸âƒ£0ï¸âƒ£ profesionales implicados.
6ï¸âƒ£3ï¸âƒ£0ï¸âƒ£0ï¸âƒ£0ï¸âƒ£0ï¸âƒ£ familias disfrutan de su energÃ­a 100% LIMPIA.
#renovables #energytransition https://t.co/W4eji4amLe",Bilbao,True,9,17,144,3,en,Twitter Media Studio,,,fear,0.8635486960411072
https://twitter.com/energy_african/status/1457987129347297280,1457987129347297280,2021-11-09T08:23:14+00:00,"â€œWe should know that the global energy transition must be inclusive, must be equitable and it must be justâ€ - Hon Tom Alweendo, Minister of Mines &amp; Energy Nambia ğŸ‡³ğŸ‡¦ at #AfricanEnergyWeek #AEW2021 hosted by the @VandAWaterfront in #CapeTown @CityofCT #SouthAfrica https://t.co/ujg7zX20Ki",South Africa,True,0,7,17,0,en,Twitter Web App,,,fear,0.8845459222793579
https://twitter.com/EnelGroup/status/1458822159636312073,1458822159636312073,2021-11-11T15:41:21+00:00,Discover how prosumers are key in the energy transition and the milestones achieved by our Global Infrastructure and Networks division ğŸ‘‡#EnelGrids  https://t.co/zl10T4LCFK,Roma,True,0,2,5,3,en,Twitter Web App,,,fear,0.7645300626754761
https://twitter.com/PKayDee/status/1458410626703888384,1458410626703888384,2021-11-10T12:26:04+00:00,https://t.co/9hCu6QcsxG Greece looking at banning all internal combustion engines by 2030. #EVs #electromobility #energytransition,"Scituate, MA",False,0,0,1,0,en,Twitter Web App,,,fear,0.915325939655304
https://twitter.com/LazyyReader/status/1456550223434686465,1456550223434686465,2021-11-05T09:13:29+00:00,@KeillerDon Biomass peaked in the 1800's. Failed miserably as an energy transition...because producing An Exajoule of energy needs over 3.4 million acres of wood.,,False,0,0,0,0,en,Twitter Web App,,,sadness,0.6047770380973816
https://twitter.com/Fraser_ACE/status/1455453158453522435,1455453158453522435,2021-11-02T08:34:08+00:00,"This makes for some very interesting reading. Quite a few surprises and those who make the most noise in the market are not always the biggest fish in the pond.

The biggest players are also not the ones leading the energy transition.

Also makes you realâ€¦https://t.co/Qc56j0kRLm","Aberdeen UK, also global",False,0,0,0,0,en,LinkedIn,,,surprise,0.6620543003082275
https://twitter.com/_Avieco/status/1455815746064371712,1455815746064371712,2021-11-03T08:34:56+00:00,"The IEA's report ""Net zero by 2050"", calling for the immediate end of new #FossilFuels extraction licensing, represents a historical shift in narrative that will impact organisations beyond the oil &amp; gas industry. 
Read it here: https://t.co/lHHJnNGuGT 
#NetZero #EnergyTransition https://t.co/5YatHdekqx",London,False,0,0,1,0,en,Pardot,,,fear,0.9434568881988525
https://twitter.com/tomphilpott/status/1458813103609688070,1458813103609688070,2021-11-11T15:05:21+00:00,"The opposite, in fact (ie, the answer lies in investing in/speeding up the green-energy transition). 2/2",North Carolina/Austin,True,0,0,3,1,en,Twitter Web App,,,neutral,0.909372866153717
https://twitter.com/Assystem/status/1453286757269704706,1453286757269704706,2021-10-27T09:05:38+00:00,"Committed to #energytransition, Assystem brings its digital expertise to drive the development of fusion, a low-carbon energy. Download our new report analysing the pathways to commercial fusion energy. https://t.co/98KWThjqT1 https://t.co/vlLq1y0Mbu",,False,0,2,4,0,en,Twitter Web App,,,fear,0.4740671217441559
https://twitter.com/WartsilaEnergy/status/1453620691962630147,1453620691962630147,2021-10-28T07:12:34+00:00,"ğŸŒ It is critical that global governments and organisations come together at @COP26 and commit to a pathway towards 100% #renewableenergy, using a model that is applicable and delivers on cost. 

#netzero #COP26 #decarbonisation #energytransition @sushilpurohit72 https://t.co/syNMle9YvR",Global,False,0,2,1,0,en,Hootsuite Inc.,,,fear,0.8674437403678894
https://twitter.com/H_Gibbs_Bauer/status/1455474724109234176,1455474724109234176,2021-11-02T09:59:50+00:00,"#OPERATIONMERLINGUA will focus on keeping the economies and people of the world #ALIVEANDSTRONG during the ongoing #ENERGYTRANSITION. 

What the world needs from #COP26 is a clear focus on #BETTERTECHNOLOGY for #CLEANAIR #CLEANWATER and #ABUNDANTENERGY for all people everywhere. https://t.co/9PS00C3gOW","Alpine, Texas",False,1,0,0,0,en,Twitter for iPhone,,,fear,0.9214935302734375
https://twitter.com/nsmupdate/status/1454701808538972161,1454701808538972161,2021-10-31T06:48:32+00:00,"Saudi Aramco posts 160% rise in third quarter profit, CEO calls for 'stable' energy transition #NSEUPDATE",,False,0,0,0,0,en,dlvr.it,,,joy,0.46918103098869324
https://twitter.com/BillyKane0/status/1455533938852651012,1455533938852651012,2021-11-02T13:55:08+00:00,"#ITM #CWR #AFC #AFCEnergy #PHE #GTC 
Consensus over #hydrogen at COP26 can dramatically speed up the energy transition https://t.co/8OZ0QeRJuG",England,False,0,0,2,0,en,Twitter Web App,,,fear,0.9629027247428894
https://twitter.com/EnverusEnergy/status/1459234601390551044,1459234601390551044,2021-11-12T19:00:14+00:00,"According to Deloitte, many #oilandgas companies will take advantage of the recent surge in #crudeoil prices to fund their net-zero pledges. A notion that defies the common assumption that high prices would slow the energy transition. https://t.co/8QFnA01Zsp @JHMarkman https://t.co/1kbOjt3RYI","Austin, TX",False,0,0,0,0,en,Hootsuite Inc.,,,fear,0.553345263004303
https://twitter.com/jelenawoehr/status/1453133352874090500,1453133352874090500,2021-10-26T22:56:03+00:00,@ayanaeliza How meaningful is it if they canâ€™t spend it on a clean energy transition because of Manchin protecting coal? (Actually asking.),"Los Angeles, CA",False,0,0,1,0,en,Twitter for iPhone,,,surprise,0.7001662850379944
https://twitter.com/mathiasbogaert/status/1455834136581754886,1455834136581754886,2021-11-03T09:48:00+00:00,"Excellent News from Glasgow. The EU and partners commit 8,5 billion USD for Just Energy Transition Partnership with South Africa to accelerate the decarbonisation of South-Africa - currently Africaâ€™s largest emitter - and invest in stable green energy. https://t.co/bSK8KEB3cr","Cape Town, South Africa",False,0,0,0,0,en,Twitter for iPhone,,,joy,0.8968037366867065
https://twitter.com/ClaireKraatz/status/1457573665864708096,1457573665864708096,2021-11-08T05:00:17+00:00,@DrAndrewSK Please consider signing. https://t.co/wNCVGxggzs #EnergyTransition #CodeRed #cdnpoli,"Calgary, Alberta",False,0,4,7,0,en,Twitter Web App,,,fear,0.8293306827545166
https://twitter.com/AmbPeschke/status/1455594874791735301,1455594874791735301,2021-11-02T17:57:16+00:00,"ğŸ‡¿ğŸ‡¦ ğŸ‡«ğŸ‡· ğŸ‡©ğŸ‡ª ğŸ‡¬ğŸ‡§ ğŸ‡ºğŸ‡¸ ğŸ‡ªğŸ‡º in partnership for climate protection &amp; just energy transition.
#COP26 
Truly ground-breaking. https://t.co/j5dM4pA0Mv",Pretoria,False,0,2,15,0,en,Twitter for iPhone,,,fear,0.9471436738967896
https://twitter.com/kaylaente/status/1455651150460563461,1455651150460563461,2021-11-02T21:40:53+00:00,"Iâ€™m all for it, for a fair and equitable energy transition https://t.co/If3qn3ewYc","Brighton, England",False,0,0,0,0,en,Twitter for iPhone,,,joy,0.866207480430603
https://twitter.com/EUGrowSmarter/status/1458085075745116160,1458085075745116160,2021-11-09T14:52:26+00:00,"""This is where the energy transition succeeds, Part III:
GrowSmarter""

Check out this article from @bdew_ev if you read German or have a translation tool installed ğŸ‘‡
https://t.co/hE8bcpIs6L https://t.co/Kgids4ch4y",,False,0,0,2,0,en,Twitter Web App,,,neutral,0.8603276014328003
https://twitter.com/josechkarad/status/1456663851898863619,1456663851898863619,2021-11-05T16:45:00+00:00,"Historic step regarding the phase-out of coal use: 
https://t.co/QnVv3ow3ui 

The step ""could shift an estimated $17.8 billion a year in public support out of fossil fuels and into the clean energy transition""

#climate #COP26Glasgow #COP26BBC #ClimateAction","Uppsala, Sverige",False,0,2,2,0,en,Twitter Web App,,,fear,0.9555879831314087
https://twitter.com/EirGrid/status/1460270622664273929,1460270622664273929,2021-11-15T15:37:01+00:00,"'We are encouraged by IFA members wanting to be central players in Irelandâ€™s energy transition and agree it should be achieved with farmersâ€™ support.â€™ â€“ Chief Infrastructure Officer, Michael Mahon.

@IFAmedia @AgrilandIreland

https://t.co/tlh0BRzXEh",Dublin,True,0,1,3,0,en,Twitter Web App,,,fear,0.5450785160064697
https://twitter.com/EnergydayN/status/1453292693250002949,1453292693250002949,2021-10-27T09:29:13+00:00,"Group Managing Director, Nigerian National Petroleum Corporation (NNPC), Mele Kyari has said that energy transition as being championed by global decarbonisation is responsible for fuel shortages, inflation, high prices of petroleum products and increased cost of living... https://t.co/RlHxFPWaMO","Lekki, Phase1, VI, Lagos ",False,1,0,0,0,en,Twitter Web App,,,neutral,0.3884213864803314
https://twitter.com/OECD_Centre/status/1455598098433126416,1455598098433126416,2021-11-02T18:10:05+00:00,"ğŸ­How can we achieve an #equitable energy transition in extractive-based developing &amp; emerging economiesâ”

Join the conversation at our EU &amp; OECD #COP26 side-event with Ministers from Africa, Asia &amp; Latin America â¤µï¸

ğŸ—“ï¸5 Nov ğŸ‘‰Register now https://t.co/LK8z6hREBl 
#OECDatCOP26 https://t.co/Eh29pTQKBE","Paris, France",True,0,3,4,1,en,Sprout Social,,,fear,0.9348179697990417
https://twitter.com/daher_mona/status/1459180076193484829,1459180076193484829,2021-11-12T15:23:35+00:00,#Bahrain #EnergyTransition #HitachiEnergy #TowardsCarbonNeutral #STATCOM #HitachiEnergy https://t.co/2hIeT7aHNd,Montreal QC,False,0,0,0,0,und,SociabbleApp,,,fear,0.9347643256187439
https://twitter.com/globeandmail/status/1456265733256540183,1456265733256540183,2021-11-04T14:23:01+00:00,"In five newsletter issues, you can expect to learn:

ğŸŒ What is green investing? 
ğŸŒ How to get started 
ğŸŒ What is the energy transition? 
ğŸŒ Can green investing save the planet?
ğŸŒ What the experts say investors should consider 

https://t.co/6K82La3mCO https://t.co/nSj9eAdWhR",Canada,True,1,2,3,2,en,Twitter Web App,,,fear,0.6994825005531311
https://twitter.com/FrankWAuthor/status/1459217451158175747,1459217451158175747,2021-11-12T17:52:05+00:00,The Financial Times casts a vote in favour of nuclear power as essential for the energy transition to be reliable and effective. I agree. https://t.co/LRAK0UUjC7,"Canada, Oz & Mother Earth",False,0,0,2,0,en,Twitter Web App,,,neutral,0.4638998508453369
https://twitter.com/SiggonKristov/status/1457703934445957125,1457703934445957125,2021-11-08T13:37:55+00:00,"China is leading the world in green energy transition and making large strides in development of mass transit, so obviously she wasn't talking about them when criticising the richest countries for failing to finance those things.",Jamaica,False,1,0,3,0,en,Twitter Web App,,,neutral,0.9335902333259583
https://twitter.com/U3O8TradeTech/status/1456410939293536262,1456410939293536262,2021-11-05T00:00:01+00:00,"At COP 26, ENEC Continues to Deliver Clean Energy Transition with Unit 3 Construction Completion of the Barakah Nuclear Energy Plant; https://t.co/o0jFTT8zRj
#CleanEnergy #NuclearEnergy #COP26Glasow","Denver, Colorado, USA",False,0,0,1,1,en,TweetDeck,,,fear,0.6515991687774658
https://twitter.com/Bubblespotting/status/1455021899424145413,1455021899424145413,2021-11-01T04:00:28+00:00,"The Kingdom has proven gas reserves of 237.4 trillion standard cubic feet
Using gas for the power generation and industrial sectors is important for the worldâ€™s energy transition

Strategy flows toward natural gas https://t.co/xz1c4bj1eK",,False,0,0,0,0,en,Twitter Web App,,,neutral,0.7629473209381104
https://twitter.com/IndiaSmartGridF/status/1458040707764080640,1458040707764080640,2021-11-09T11:56:08+00:00,"Meet Panelists of session â€œExpanding Job Opportunities in Indiaâ€™s Clean Energy Transitionâ€ at the National Launch @WePOWERNetwork India Partnership Forum with @WorldBank @ADB_HQ&amp; ISGF
Tags: @rejipillai | @WBG_Energy | @campaignforaid | @WorldBankIndia | @WorldBankSAsia https://t.co/w0VKjFrZ21",New Delhi,False,0,2,2,0,en,Hootsuite Inc.,,,fear,0.5117895603179932
https://twitter.com/IFAmedia/status/1458709529189924866,1458709529189924866,2021-11-11T08:13:47+00:00,"Farmers want to be central players in Irelandâ€™s energy transition. They recognise the opportunities of micro-generation to produce energy for their use and diversify their farm income by selling excess energy back to the grid...
https://t.co/fWfMihESXy",Ireland,True,0,5,9,0,en,Twitter Web App,,,neutral,0.7894012331962585
https://twitter.com/MaxJerneck/status/1456075045231550469,1456075045231550469,2021-11-04T01:45:18+00:00,"Needless to say, the energy transition requires economic planning.

""Private capital allocates itself efficiently in markets that are well-defined. It cannot bear the heavy lifting required of it when the task ahead is so vague.""

 https://t.co/NuoDNHs99f",,False,1,1,8,0,en,Twitter Web App,,,neutral,0.9218584895133972
https://twitter.com/AirProducts_EU/status/1458820580795465732,1458820580795465732,2021-11-11T15:35:04+00:00,"'The hydrogen molecule, the energy source of the future,' is what our CEO, Seifi Ghasemi, spoke about earlier today at the #Hydrogen Transition Summit @COP26 #ClimateActionLive #HydrogenTransition #EnergyTransition #SIF21 https://t.co/bejbaOVmn2 @Climate_Action_ https://t.co/UuRO2UlGoY",Europe,False,0,5,13,0,en,Falcon Social Media Management ,,,fear,0.8915577530860901
https://twitter.com/anna_dickinson8/status/1456606489318240260,1456606489318240260,2021-11-05T12:57:04+00:00,"Fantastic to hear Namibiaâ€™s Minister of Mines and Energy Tom Alweendo speak on ongoing developments in agriculture, the energy transition, green hydrogen, and more, in Namibia 

#ROSL #COP26 #foreignaffairs https://t.co/gtovCY1S7V","London, England",False,0,1,5,1,en,Twitter for iPhone,,,joy,0.886694610118866
https://twitter.com/RockyMtnInst/status/1453514353660022789,1453514353660022789,2021-10-28T00:10:01+00:00,"""The current signals from financial markets show that we are in the first phase of a predictable energy transition, with spectacular outperformance by new energy sectors &amp; the de-rating of the fossil-fuel sector""-RMI's @JulesKortenhors in @diplocourier ğŸ‘‡ https://t.co/q9CVpx7Y4D",International,True,0,7,16,1,en,Sprout Social,,,fear,0.5532377362251282
https://twitter.com/880Edmonton/status/1458570291144241157,1458570291144241157,2021-11-10T23:00:30+00:00,"â€œHosting the congress will not only drive significant economic impact for our city, but it will allow us to showcase our expertise and the great work that is happening right now as a global energy transition leader.â€ #YYC 
https://t.co/LcC2L4asdf",Edmonton,True,0,0,1,0,en,SocialFlow,,,fear,0.8195919990539551
https://twitter.com/ArgusMedia/status/1456074988742750208,1456074988742750208,2021-11-04T01:45:04+00:00,"ğŸ‡¨ğŸ‡³ News story - China's Ningxia provincial government, a major production hub for #ferroalloys and some #minormetals in the country, has laid out a plan to reduce #energyconsumption in the next 3 years: https://t.co/XJwScOynAo

#Energytransition hub: https://t.co/XCqn86ftNc https://t.co/hrrzV415RK",Global (HQ in London) ,False,0,0,1,0,en,Oktopost,,,fear,0.3863062560558319
https://twitter.com/HydrogenBFC/status/1457758789365551110,1457758789365551110,2021-11-08T17:15:53+00:00,"[ğŸ’¬TÃ‰MOIGNAGE] Nicolas Aumar, Directeur de #RougeotÃ©nergie constate qu'il y a ""une vraie effervescence sur l'hydrogÃ¨ne""
Retrouvez son tÃ©moignageğŸ‘‰ https://t.co/BgojmfDsIA
#H2BFC #hydrogen #energy #energytransition",MontbÃ©liard FRANCE,False,0,0,0,0,fr,Twitter Web App,,,fear,0.9102738499641418
https://twitter.com/EDenhoff/status/1454280619626663941,1454280619626663941,2021-10-30T02:54:53+00:00,"@johngmcnally @DanWoy In hockey, as The Great One said, you wanna be where the puckâ€™s gonna go. In Alberta, Conservatives spend all their time looking behind into their net wondering how the puck got there. You canâ€™t do energy transition whining about the past. Saddle up, and move forward. #cdnpoli","Victoria, British Columbia",False,1,1,1,0,en,Twitter for iPhone,,,anger,0.8105836510658264
https://twitter.com/23WPC2021/status/1459170634781626384,1459170634781626384,2021-11-12T14:46:04+00:00,"How can compressors play a role in the #energy transition and help reduce emissions? Discover this and more in todayâ€™s blog, â€œ5 Things You Should Know About Compressor Technologyâ€ provided by @bakerhughesco. Read it here: https://t.co/p9iIVhqJiw https://t.co/vxI9fiCd0s","Texas, USA",False,0,1,2,0,en,Sprout Social,,,fear,0.37552377581596375
https://twitter.com/HelenJelani/status/1460661419595210755,1460661419595210755,2021-11-16T17:29:54+00:00,"@TheRealPro7 You see that one of phrasing out coal I want to pay special attention to it, I just don't know how to go about  actively participating in making sure it does not see the light of day, South Africans have to decide our own energy transition.",,False,0,1,3,1,en,Twitter for Android,,,surprise,0.301630437374115
https://twitter.com/RandyMo01933793/status/1455556286850879488,1455556286850879488,2021-11-02T15:23:56+00:00,Implications of the â€˜energy transitionâ€™ across the machinery value chain https://t.co/VinA3prbMY,"Yorba Linda, CA",False,0,0,0,0,en,Dynamic Signal,,,neutral,0.7953594326972961
https://twitter.com/Ted_McDermott_/status/1453421109961842689,1453421109961842689,2021-10-27T17:59:30+00:00,"â€œWithout lots and lots and lots of storage, the clean energy transition cannot happen,â€ said the guy behind one of the proposed projects, which would require damming and flooding a canyon.
https://t.co/Lizqpfp6DP","Spokane, WA",False,0,0,0,0,en,Twitter Web App,,,neutral,0.6951696872711182
https://twitter.com/DrX_ADunlap/status/1458029689021288449,1458029689021288449,2021-11-09T11:12:21+00:00,"7/
Overall, #energytransition is an addition of infrastructure, extraction &amp; #greencapitalist 

This is not a real ecological or #ClimateChage solution, but a #greengrowth strategy &amp; people are fighting it.

We need #degrowth transformations, not green #policy delusions","Oslo, Norway",False,1,6,15,0,en,Twitter Web App,,,fear,0.8004378080368042
https://twitter.com/DiptiMVaghela/status/1455367513823457285,1455367513823457285,2021-11-02T02:53:49+00:00,Multi-benefit call to action â€” â€œRenewable Energy Jobs for a Just and Inclusive Energy Transitionâ€ https://t.co/VBE7Imx8zQ https://t.co/NJntSTwDfM,Myanmar,False,0,0,0,0,en,Twitter for iPhone,,,neutral,0.7920971512794495
https://twitter.com/MitDivest/status/1455216761226280966,1455216761226280966,2021-11-01T16:54:47+00:00,It's past time that @MIT joins other universities around the nation and world in committing to a just energy transition. Thank you @BeccaForWard7 for joining our movement https://t.co/KzT9uz2xSq,"MIT, Cambridge, MA",False,0,5,32,1,en,Twitter for Android,,,fear,0.46667394042015076
https://twitter.com/Comm1nrg/status/1454003790043045894,1454003790043045894,2021-10-29T08:34:52+00:00,"@CLESthinkdo &amp; @CarbonCoop have just published a toolkit for councils who want to deliver an energy transition that generates the greatest benefit for their communities. 

â–¶ï¸Explain a community wealth building approach
â–¶ï¸Ways to get started
â–¶ï¸Case studies

https://t.co/OLUJYC3erw https://t.co/uoTFTbjoNs",United Kingdom,False,0,1,2,0,en,Twitter Web App,,,fear,0.7231538891792297
https://twitter.com/JWNenergy/status/1453093244036780032,1453093244036780032,2021-10-26T20:16:41+00:00,"Join us for a candid conversation about the state of energy transition in Canada with Peter Tertzakian, Energy Economists and Ross Manning, VP and Partner, Canadian Energy Industry &amp; Sustainability, IBM Consulting. Register at https://t.co/AoUGrtHYpK https://t.co/a5ZWvETcW4","Calgary, Alberta, Canada",False,1,3,2,0,en,Twitter Web App,,,neutral,0.9138357043266296
https://twitter.com/hiharveen/status/1459821963917119491,1459821963917119491,2021-11-14T09:54:13+00:00,"Fundamental threat to energy transition. 

Secretive court system poses threat to Paris climate deal, says whistleblower https://t.co/zKQu1KXXbA",,False,0,0,0,0,en,Twitter Web App,,,fear,0.9762200117111206
https://twitter.com/CavagnaGroup/status/1458813016737210373,1458813016737210373,2021-11-11T15:05:01+00:00,The @LiquidGasUK Conference has been a great chance for our Italian Sales Force and the @CavagnaUK's staff to meet in-person again. This time together to broaden the Group's commitment to the development of #innovative solutions in a #sustainable and #energytransition perspective https://t.co/rBviqISkjS,Brescia Italy,False,0,1,8,1,en,Twitter Web App,,,fear,0.5118478536605835
https://twitter.com/Indian10000000/status/1460457896970383371,1460457896970383371,2021-11-16T04:01:11+00:00,"On the technology hurdles in  energy transition ğŸ‘‡ğŸ‘‡
. https://t.co/RSpiLhWS3b",,False,0,3,7,0,en,Twitter for Android,,,fear,0.6221836805343628
https://twitter.com/ClaireKraatz/status/1458551961066737666,1458551961066737666,2021-11-10T21:47:40+00:00,"Excellent news. 

How about Alberta - is Alberta in? Or will we be left behind? 
@sonyasavage @KathleenGanley #ableg #EnergyTransition #cdnpoli https://t.co/Qy8Aey7yVC","Calgary, Alberta",False,0,0,1,1,en,Twitter Web App,,,fear,0.8704513311386108
